"ID","FIRST_NAME","LAST_NAME","ORG_NAME","EMAIL"
7211,"Guilherme","Freire","Embraer","guilherme.freire@embraer.com.br"
2,"Daniel","Weinstock","Centre de Recherche en Ethique de L?Universite de Montreal (CREUM","directeur@creum.umontreal.ca"
3,"Halina","Ward","International Institute for Environment and Development (IIED)","halina.ward@iied.org"
4,"Bertha Ivette","Garzon","Asociacion Mexicana de Intermediarios Bursatiles, A.C.","berthagarzon@amib.com.mx"
5,"Shizuo","Fukada","Council for Better Corporate Citizenship (CBCC)","shizuo_fukada@omron.co.jp"
6,"M.R.","Ghosh","North Eastern Electric Power Corporatin Ltd.","info@neepco.gov.in"
7,"Tue","Mortensen","ISS-A/S, International Services and Systems","tmo@group.issworld.com"
8,"William","Mills","Connor- William E. Connor & Associates Ltd","wmills@weconnor.com"